<?xml version="1.0" encoding="UTF-8"?>
<beans xmlns="http://www.springframework.org/schema/beans"
	xmlns:xsi="http://www.w3.org/2001/XMLSchema-instance"
	xmlns:mvc="http://www.springframework.org/schema/mvc"
	xmlns:context="http://www.springframework.org/schema/context"
	xmlns:tx="http://www.springframework.org/schema/tx"
	xsi:schemaLocation="http://www.springframework.org/schema/mvc http://www.springframework.org/schema/mvc/spring-mvc-4.3.xsd
		http://www.springframework.org/schema/beans http://www.springframework.org/schema/beans/spring-beans.xsd
		http://www.springframework.org/schema/context http://www.springframework.org/schema/context/spring-context-4.3.xsd
		http://www.springframework.org/schema/tx http://www.springframework.org/schema/tx/spring-tx-4.3.xsd">

	<!-- everyone else -->
	<context:component-scan base-package="com.gogo">
	</context:component-scan>

	<!-- Darnell !!! <context:component-scan base-package="main.java.com.gogo"> 
		</context:component-scan> -->

	<mvc:annotation-driven></mvc:annotation-driven>

	<bean id="viewResolver"
		class="org.springframework.web.servlet.view.InternalResourceViewResolver">
		<!-- <property name="prefix" value="/src/main/webapp/WEB-INF/views"></property> -->
		<property name="prefix" value="/WEB-INF/views/"></property>
		<property name="suffix" value=".jsp"></property>
	</bean>

	<mvc:resources mapping="/resources/**"
		location="/resources/"></mvc:resources>
	
	<mvc:resources mapping="/images/**"
		location="/WEB-INF/images/"></mvc:resources>

	<bean id="myDataSource"
		class="com.mchange.v2.c3p0.ComboPooledDataSource">
		<property name="driverClass" value="com.mysql.jdbc.Driver"></property>
		<property name="user" value="gogo"></property>
		<property name="password" value="gogo"></property>
		<property name="jdbcUrl"
			value="jdbc:mysql://localhost:3306/gogomoney04-01?useSSL=false"> <!-- the rest after false was stopping me from connecting -->
		</property>
		<property name="minPoolSize" value="5"></property>
		<property name="maxPoolSize" value="20"></property>
		<!-- <property name="maxIdleTime" value="30000"></property> -->
		<property name="maxIdleTime" value="30000"></property> <!-- one second times out too fast on my machine -->
	</bean>


	<bean id="sessionFactory"
		class="org.springframework.orm.hibernate5.LocalSessionFactoryBean">
		<property name="dataSource" ref="myDataSource"></property>
		<!-- <property name="packagesToScan" value="main.java.com.gogo"> </property> -->
		<property name="packagesToScan" value="com.gogo">
		</property>

		<property name="hibernateProperties">
			<props>
				<prop key="hibernate.dialect">org.hibernate.dialect.MySQL5Dialect</prop>
				<prop key="hibernate.show_sql">false</prop>
			</props>
		</property>
	</bean>


	<bean id="myTransactionManager"
		class="org.springframework.orm.hibernate5.HibernateTransactionManager">
		<property name="sessionFactory" ref="sessionFactory"></property>
	</bean>

	<!-- namespace: tx -->
	<!-- enabled transactional annotation for commits/rollbacks -->
	<tx:annotation-driven
		transaction-manager="myTransactionManager" />


</beans>
